 , 
 , 
宁波银行2011-2021,2016
word,count
电子银行,9
网上银行,6
网银,2
电子商务,1
网上支付,1
 , 
 , 
宁波银行2011-2021,2017
word,count
电子银行,8
网上银行,5
网银,4
人工智能,2
二维码支付,1
电子商务,1
网上支付,1
 , 
 , 
宁波银行2011-2021,2015
word,count
电子银行,10
网上银行,9
网银,5
电子商务,1
网上支付,1
 , 
 , 
宁波银行2011-2021,2014
word,count
网银,11
网上银行,6
电子银行,4
网上支付,1
 , 
 , 
宁波银行2011-2021,2011
word,count
网上银行,1
电子商务,1
第三方支付,1
电子银行,1
 , 
 , 
宁波银行2011-2021,2013
word,count
电子银行,7
网银,5
网上银行,4
互联网支付,1
网上支付,1
 , 
 , 
宁波银行2011-2021,2012
word,count
电子银行,18
网上银行,7
网银,6
第三方支付,1
 , 
 , 
宁波银行2011-2021,2020
word,count
网上银行,5
网银,1
电子银行,1
 , 
 , 
宁波银行2011-2021,2021
word,count
网上银行,3
电子银行,1
 , 
 , 
宁波银行2011-2021,2019
word,count
网上银行,2
网银,2
人工智能,1
网贷,1
电子银行,1
在线理财,1
 , 
 , 
宁波银行2011-2021,2018
word,count
人工智能,4
网银,4
网上银行,2
电子银行,1
网上支付,1
 , 
 , 
中国银行,2016
word,count
网银,8
网上银行,6
电子银行,2
电子交易,1
二维码支付,1
 , 
 , 
中国银行,2017
word,count
网银,7
人工智能,3
网上银行,3
二维码支付,2
电子银行,2
互联网银行,1
 , 
 , 
中国银行,2015
word,count
网银,11
电子商务,4
电子银行,2
网上银行,1
 , 
 , 
中国银行,2014
word,count
网银,13
网上银行,3
电子商务,2
电子银行,2
第三方支付,1
 , 
 , 
中国银行,2011
word,count
电子银行,10
网银,7
网上银行,7
网上支付,2
电子商务,2
 , 
 , 
中国银行,2013
word,count
网银,16
电子银行,10
电子商务,7
网上银行,3
 , 
 , 
中国银行,2012
word,count
网上银行,6
电子银行,5
网银,5
网上支付,1
电子商务,1
电子交易,1
 , 
 , 
中国银行,2020
word,count
人工智能,6
网银,4
网上银行,3
智能投顾,2
电子银行,2
第三方支付,1
二维码支付,1
互联网保险,1
 , 
 , 
中国银行,2021
word,count
网银,6
人工智能,5
网上银行,5
电子银行,3
电子交易,2
智能投顾,1
互联网保险,1
电子商务,1
 , 
 , 
中国银行,2019
word,count
人工智能,8
网银,6
网上银行,5
智能投顾,1
电子商务,1
电子银行,1
 , 
 , 
中国银行,2018
word,count
人工智能,10
智能投顾,7
网上银行,7
网银,5
电子银行,3
二维码支付,3
电子交易,1
 , 
 , 
光大银行2011-2021,2016
word,count
电子银行,13
众筹,2
网银,2
人工智能,1
互联网保险,1
 , 
 , 
光大银行2011-2021,2017
word,count
电子银行,8
网上银行,1
电子商务,1
网银,1
人工智能,1
 , 
 , 
光大银行2011-2021,2015
word,count
电子银行,9
网上银行,2
网银,2
电子商务,1
网上支付,1
 , 
 , 
光大银行2011-2021,2014
word,count
电子银行,10
网上银行,4
网银,1
 , 
 , 
光大银行2011-2021,2011
word,count
电子银行,13
网上银行,4
网银,2
 , 
 , 
光大银行2011-2021,2013
word,count
电子银行,12
网银,2
网上银行,1
 , 
 , 
光大银行2011-2021,2012
word,count
电子银行,14
网上银行,1
第三方支付,1
 , 
 , 
光大银行2011-2021,2020
word,count
人工智能,4
网贷,2
电子商务,1
电子银行,1
 , 
 , 
光大银行2011-2021,2021
word,count
网上银行,3
人工智能,2
网贷,2
网银,1
电子银行,1
 , 
 , 
光大银行2011-2021,2019
word,count
人工智能,6
电子银行,4
电子交易,1
网贷,1
 , 
 , 
光大银行2011-2021,2018
word,count
电子银行,3
网银,2
人工智能,1
网上银行,1
 , 
 , 
浦发银行,2016
word,count
电子银行,3
网银,3
网上银行,2
电子商务,1
互联网支付,1
人工智能,1
智能投顾,1
 , 
 , 
浦发银行,2017
word,count
电子银行,2
人工智能,1
二维码支付,1
电子商务,1
智能投顾,1
互联网支付,1
网银,1
 , 
 , 
浦发银行,2015
word,count
电子银行,6
网银,4
电子商务,1
电子交易,1
 , 
 , 
浦发银行,2014
word,count
电子银行,7
网银,2
第三方支付,1
网上银行,1
互联网理财,1
 , 
 , 
浦发银行,2011
word,count
网银,5
电子银行,5
网上银行,1
电子交易,1
 , 
 , 
浦发银行,2013
word,count
电子银行,9
网银,1
电子商务,1
网上银行,1
 , 
 , 
浦发银行,2012
word,count
电子银行,5
网上银行,1
网银,1
第三方支付,1
 , 
 , 
浦发银行,浦发2021
word,count
电子银行,2
人工智能,1
网银,1
互联网支付,1
 , 
 , 
浦发银行,2020
word,count
网银,2
电子银行,2
人工智能,2
电子商务,1
在线交易,1
互联网支付,1
 , 
 , 
浦发银行,2019
word,count
电子银行,2
网银,1
 , 
 , 
浦发银行,2018
word,count
电子银行,2
人工智能,1
网银,1
互联网支付,1
 , 
 , 
民生银行,2016
word,count
网上银行,9
网银,3
电子银行,1
二维码支付,1
 , 
 , 
民生银行,2017
word,count
网银,6
人工智能,2
网上银行,2
网上支付,2
电子银行,1
电子商务,1
Fintech,1
互联网支付,1
 , 
 , 
民生银行,2015
word,count
电子银行,14
电子商务,7
网银,4
网上银行,3
在线交易,1
 , 
 , 
民生银行,2014
word,count
网上银行,9
电子商务,2
网银,2
网上支付,2
众筹,1
电子银行,1
 , 
 , 
民生银行,2011
word,count
电子银行,18
网银,9
电子商务,5
网上银行,4
网上支付,1
第三方支付,1
 , 
 , 
民生银行,2013
word,count
电子银行,7
网上银行,7
网银,3
第三方支付,1
在线交易,1
 , 
 , 
民生银行,2012
word,count
电子银行,7
网上银行,7
网银,2
第三方支付,1
电子交易,1
 , 
 , 
民生银行,民生2021
word,count
人工智能,5
网上银行,3
第三方支付,1
 , 
 , 
民生银行,2020
word,count
人工智能,7
网上银行,4
电子银行,1
二维码支付,1
网银,1
 , 
 , 
民生银行,2019
word,count
网上银行,7
人工智能,6
网银,3
互联网银行,1
智能投顾,1
网贷,1
 , 
 , 
民生银行,2018
word,count
网银,5
人工智能,3
网上银行,2
电子银行,1
互联网银行,1
 , 
 , 
华夏银行,2016
word,count
电子银行,9
网上银行,3
互联网支付,1
网上支付,1
人工智能,1
 , 
 , 
华夏银行,2017
word,count
电子银行,5
互联网银行,2
二维码支付,1
人工智能,1
网银,1
 , 
 , 
华夏银行,2015
word,count
电子银行,10
网银,4
网上银行,2
电子商务,1
网贷,1
互联网支付,1
互联网理财,1
第三方支付,1
 , 
 , 
华夏银行,2014
word,count
电子银行,13
网上银行,4
网银,2
网上支付,1
第三方支付,1
电子商务,1
网贷,1
 , 
 , 
华夏银行,2011
word,count
电子银行,5
网上银行,1
网银,1
电子交易,1
 , 
 , 
华夏银行,2013
word,count
电子银行,12
网银,7
网上银行,4
第三方支付,1
 , 
 , 
华夏银行,2012
word,count
电子银行,12
网银,9
网上银行,5
电子商务,2
电子交易,1
第三方支付,1
 , 
 , 
华夏银行,华夏2021
word,count
电子银行,1
网银,1
 , 
 , 
华夏银行,2020
word,count
人工智能,5
网贷,4
网银,2
电子银行,1
 , 
 , 
华夏银行,2019
word,count
人工智能,9
网贷,6
智能投顾,4
Fintech,1
网银,1
电子交易,1
网上银行,1
 , 
 , 
华夏银行,2018
word,count
人工智能,6
电子银行,1
电子交易,1
互联网银行,1
网贷,1
 , 
 , 
哈尔滨银行2013-2021,2016
word,count
网上银行,8
网银,3
电子银行,1
电子商务,1
 , 
 , 
哈尔滨银行2013-2021,2017
word,count
网上银行,10
电子银行,2
网贷,2
电子商务,2
网银,2
 , 
 , 
哈尔滨银行2013-2021,2015
word,count
网上银行,11
网银,6
电子银行,5
电子商务,3
第三方支付,2
互联网支付,1
 , 
 , 
哈尔滨银行2013-2021,2014
word,count
电子商务,4
电子银行,2
网银,2
网上银行,1
 , 
 , 
哈尔滨银行2013-2021,2013
word,count
网上银行,6
电子银行,4
电子商务,1
网银,1
 , 
 , 
哈尔滨银行2013-2021,2020
word,count
网上银行,6
人工智能,2
电子商务,1
电子银行,1
网银,1
 , 
 , 
哈尔滨银行2013-2021,2021
word,count
网上银行,6
人工智能,3
电子银行,2
 , 
 , 
哈尔滨银行2013-2021,2019
word,count
网上银行,14
人工智能,8
电子银行,2
网银,2
 , 
 , 
哈尔滨银行2013-2021,2018
word,count
网上银行,12
第三方支付,2
人工智能,2
电子商务,2
 , 
 , 
招商银行,2016
word,count
人工智能,7
Fintech,6
网上银行,6
电子银行,3
智能投顾,2
网银,1
网上支付,1
 , 
 , 
招商银行,2017
word,count
人工智能,13
电子银行,5
网银,3
Fintech,1
智能投顾,1
第三方支付,1
网上银行,1
 , 
 , 
招商银行,2015
word,count
网上银行,8
电子银行,5
互联网支付,2
众筹,1
网银,1
网上支付,1
 , 
 , 
招商银行,2014
word,count
电子银行,8
网上银行,4
网银,2
网上支付,1
 , 
 , 
招商银行,2011
word,count
网上银行,13
电子银行,8
网上支付,3
网银,2
 , 
 , 
招商银行,2013
word,count
网上银行,12
电子银行,7
电子商务,1
 , 
 , 
招商银行,2012
word,count
网上银行,10
电子银行,9
网银,2
电子商务,1
网上支付,1
 , 
 , 
招商银行,招商2021
word,count
人工智能,3
网上银行,2
电子银行,2
Fintech,1
网银,1
 , 
 , 
招商银行,2020
word,count
人工智能,5
网上银行,4
电子银行,3
 , 
 , 
招商银行,2019
word,count
网上银行,2
电子银行,2
人工智能,2
电子交易,1
网银,1
 , 
 , 
招商银行,2018
word,count
电子银行,4
人工智能,3
网银,3
Fintech,1
智能投顾,1
第三方支付,1
网上银行,1
 , 
 , 
北京银行2011-2021,2016
word,count
电子商务,3
人工智能,1
互联网理财,1
网贷,1
电子银行,1
 , 
 , 
北京银行2011-2021,2017
word,count
电子银行,1
人工智能,1
互联网支付,1
 , 
 , 
北京银行2011-2021,2011
word,count
网银,6
网上银行,2
电子银行,1
 , 
 , 
北京银行2011-2021,2013
word,count
网银,11
网上银行,4
电子银行,3
第三方支付,1
 , 
 , 
北京银行2011-2021,www.alltoall.net_2014_Pgsj1T_ykM
word,count
电子银行,10
网上银行,4
网银,1
 , 
 , 
北京银行2011-2021,www.alltoall.net_2012_KvUDP5SYc8
word,count
电子银行,14
网上银行,1
第三方支付,1
 , 
 , 
北京银行2011-2021,www.alltoall.net_2019_XZMJtqfOyW
word,count
电子银行,6
人工智能,2
网银,1
 , 
 , 
北京银行2011-2021,www.alltoall.net_2018_uXW_YE0ZM6
word,count
人工智能,6
电子银行,3
网贷,3
网银,2
 , 
 , 
北京银行2011-2021,www.alltoall.net_2015_sUiZeRb7CS
word,count
电子银行,9
网上银行,2
网银,2
电子商务,1
网上支付,1
 , 
 , 
北京银行2011-2021,2021
word,count
网银,6
电子银行,5
人工智能,3
智能投顾,1
 , 
 , 
兴业银行2011-2021,2016
word,count
人工智能,5
网银,4
智能投顾,1
 , 
 , 
兴业银行2011-2021,2017
word,count
互联网支付,5
网银,4
人工智能,3
互联网银行,1
智能投顾,1
二维码支付,1
第三方支付,1
 , 
 , 
兴业银行2011-2021,2015
word,count
电子银行,4
网银,3
网上银行,2
 , 
 , 
兴业银行2011-2021,2014
word,count
电子银行,7
网银,6
互联网理财,1
互联网支付,1
网上银行,1
 , 
 , 
兴业银行2011-2021,2011
word,count
电子银行,9
网银,6
网上银行,1
 , 
 , 
兴业银行2011-2021,2013
word,count
电子银行,9
网银,6
在线理财,1
网上银行,1
互联网银行,1
 , 
 , 
兴业银行2011-2021,2012
word,count
网银,9
电子银行,9
 , 
 , 
兴业银行2011-2021,2020
word,count
人工智能,3
网银,3
互联网支付,1
 , 
 , 
兴业银行2011-2021,2021
word,count
人工智能,3
互联网支付,1
网银,1
 , 
 , 
兴业银行2011-2021,2019
word,count
人工智能,5
网银,5
互联网支付,1
 , 
 , 
兴业银行2011-2021,2018
word,count
网银,5
人工智能,3
网上银行,2
互联网支付,1
网上支付,1
 , 
 , 
交通银行,2016
word,count
电子银行,13
网银,5
网上银行,3
二维码支付,2
第三方支付,1
 , 
 , 
交通银行,2017
word,count
电子银行,8
人工智能,6
网银,5
网上银行,3
电子商务,3
 , 
 , 
交通银行,2015
word,count
电子银行,12
网上银行,9
网银,3
在线交易,1
二维码支付,1
 , 
 , 
交通银行,2014
word,count
电子银行,19
网上银行,6
网银,2
电子商务,1
 , 
 , 
交通银行,交通2021
word,count
人工智能,4
网银,3
电子银行,2
电子交易,1
 , 
 , 
交通银行,2011
word,count
电子银行,6
网银,5
网上银行,1
电子商务,1
 , 
 , 
交通银行,2013
word,count
电子银行,18
网上银行,5
电子商务,1
网银,1
 , 
 , 
交通银行,2012
word,count
电子银行,13
电子商务,6
网上银行,6
网银,2
互联网银行,1
 , 
 , 
交通银行,2020
word,count
电子银行,3
网银,1
人工智能,1
网上银行,1
 , 
 , 
交通银行,2019
word,count
人工智能,9
网银,6
电子银行,5
网上银行,2
智能投顾,1
在线交易,1
 , 
 , 
交通银行,2018
word,count
网银,6
人工智能,5
电子银行,4
电子商务,3
网上银行,1
 , 
 , 
中国农业银行,2016
word,count
电子银行,7
网上银行,6
电子商务,6
第三方支付,1
 , 
 , 
中国农业银行,2017
word,count
网上银行,8
电子银行,7
人工智能,3
网银,2
Fintech,1
电子商务,1
智能投顾,1
二维码支付,1
 , 
 , 
中国农业银行,2015
word,count
电子银行,14
电子商务,7
网银,4
网上银行,3
在线交易,1
 , 
 , 
中国农业银行,2021年度报告
word,count
网银,5
电子银行,4
网上银行,3
电子商务,1
人工智能,1
 , 
 , 
中国农业银行,2014
word,count
电子商务,18
电子银行,15
网上银行,4
第三方支付,4
网银,2
 , 
 , 
中国农业银行,2011
word,count
电子银行,18
网银,9
电子商务,5
网上银行,4
网上支付,1
第三方支付,1
 , 
 , 
中国农业银行,2013
word,count
电子银行,13
网银,10
网上银行,4
电子商务,3
 , 
 , 
中国农业银行,2012
word,count
电子银行,17
网银,9
电子商务,7
网上银行,3
第三方支付,3
 , 
 , 
中国农业银行,2020
word,count
电子银行,6
网银,6
人工智能,5
网上银行,4
 , 
 , 
中国农业银行,2019
word,count
电子银行,6
网银,4
网上银行,4
人工智能,2
电子商务,1
智能投顾,1
 , 
 , 
中国农业银行,2018
word,count
电子银行,7
网上银行,4
人工智能,3
网银,2
电子商务,1
智能投顾,1
 , 
 , 
中信银行2011-2021,www.alltoall.net_2012_k6WT12Scbr
word,count
网银,10
电子商务,9
网上银行,3
第三方支付,1
在线理财,1
电子银行,1
 , 
 , 
中信银行2011-2021,www.alltoall.net_2013_wygit4kbIC
word,count
电子银行,9
电子商务,5
网上银行,4
网银,4
二维码支付,3
第三方支付,2
 , 
 , 
中信银行2011-2021,www.alltoall.net_2017_6EHUB39szN
word,count
智能投顾,4
网银,4
互联网支付,4
电子银行,3
人工智能,3
电子交易,1
电子商务,1
二维码支付,1
网上银行,1
 , 
 , 
中信银行2011-2021,www.alltoall.net_2015_Ggp70Um12M
word,count
电子银行,8
电子商务,5
网银,4
网上银行,4
在线理财,1
 , 
 , 
中信银行2011-2021,www.alltoall.net_2011_8iwkeU9KFG
word,count
网银,18
电子银行,13
网上银行,3
电子商务,2
网上支付,2
第三方支付,1
 , 
 , 
中信银行2011-2021,www.alltoall.net_2016_KS3D8p9rR1
word,count
网银,4
电子银行,3
互联网支付,3
电子商务,1
人工智能,1
网贷,1
智能投顾,1
 , 
 , 
中信银行2011-2021,www.alltoall.net_2021_crdMvFwY25
word,count
人工智能,4
网银,4
电子银行,1
网贷,1
互联网银行,1
电子商务,1
 , 
 , 
中信银行2011-2021,www.alltoall.net_2020_XvJlCjIH4i
word,count
人工智能,5
电子银行,4
网银,2
网上银行,1
互联网银行,1
 , 
 , 
中信银行2011-2021,www.alltoall.net_2019_l1_C6bPgNW
word,count
人工智能,6
电子银行,3
电子商务,3
网银,3
智能投顾,2
网上银行,1
互联网银行,1
 , 
 , 
中信银行2011-2021,www.alltoall.net_2018_8OZCogYbLV
word,count
人工智能,11
 , 
 , 
中信银行2011-2021,www.alltoall.net_2014_AztgRUmsr3
word,count
电子银行,7
电子商务,6
网上银行,3
网银,2
第三方支付,2
互联网银行,1
网贷,1
 , 
 , 
南京银行2011-2021,2016
word,count
电子银行,1
人工智能,1
网银,1
 , 
 , 
南京银行2011-2021,2017
word,count
人工智能,2
网银,2
电子银行,2
 , 
 , 
南京银行2011-2021,2015
word,count
网银,1
电子银行,1
 , 
 , 
宁波银行2011-2021,2016
word,count
电子银行,9
网上银行,6
网银,2
电子商务,1
网上支付,1
 , 
 , 
宁波银行2011-2021,2017
word,count
电子银行,8
网上银行,5
网银,4
人工智能,2
二维码支付,1
电子商务,1
网上支付,1
 , 
 , 
宁波银行2011-2021,2015
word,count
电子银行,10
网上银行,9
网银,5
电子商务,1
网上支付,1
 , 
 , 
宁波银行2011-2021,2014
word,count
网银,11
网上银行,6
电子银行,4
网上支付,1
 , 
 , 
宁波银行2011-2021,2011
word,count
网上银行,1
电子商务,1
第三方支付,1
电子银行,1
 , 
 , 
宁波银行2011-2021,2013
word,count
电子银行,7
网银,5
网上银行,4
互联网支付,1
网上支付,1
 , 
 , 
宁波银行2011-2021,2012
word,count
电子银行,18
网上银行,7
网银,6
第三方支付,1
 , 
 , 
宁波银行2011-2021,2020
word,count
网上银行,5
网银,1
电子银行,1
 , 
 , 
宁波银行2011-2021,2021
word,count
网上银行,3
电子银行,1
 , 
 , 
宁波银行2011-2021,2019
word,count
网上银行,2
网银,2
人工智能,1
网贷,1
电子银行,1
在线理财,1
 , 
 , 
宁波银行2011-2021,2018
word,count
人工智能,4
网银,4
网上银行,2
电子银行,1
网上支付,1
 , 
 , 
中国银行,2016
word,count
网银,8
网上银行,6
电子银行,2
电子交易,1
二维码支付,1
 , 
 , 
中国银行,2017
word,count
网银,7
人工智能,3
网上银行,3
二维码支付,2
电子银行,2
互联网银行,1
 , 
 , 
中国银行,2015
word,count
网银,11
电子商务,4
电子银行,2
网上银行,1
 , 
 , 
中国银行,2014
word,count
网银,13
网上银行,3
电子商务,2
电子银行,2
第三方支付,1
 , 
 , 
中国银行,2011
word,count
电子银行,10
网银,7
网上银行,7
网上支付,2
电子商务,2
 , 
 , 
中国银行,2013
word,count
网银,16
电子银行,10
电子商务,7
网上银行,3
 , 
 , 
中国银行,2012
word,count
网上银行,6
电子银行,5
网银,5
网上支付,1
电子商务,1
电子交易,1
 , 
 , 
中国银行,2020
word,count
人工智能,6
网银,4
网上银行,3
智能投顾,2
电子银行,2
第三方支付,1
二维码支付,1
互联网保险,1
 , 
 , 
中国银行,2021
word,count
网银,6
人工智能,5
网上银行,5
电子银行,3
电子交易,2
智能投顾,1
互联网保险,1
电子商务,1
 , 
 , 
中国银行,2019
word,count
人工智能,8
网银,6
网上银行,5
智能投顾,1
电子商务,1
电子银行,1
 , 
 , 
中国银行,2018
word,count
人工智能,10
智能投顾,7
网上银行,7
网银,5
电子银行,3
二维码支付,3
电子交易,1
 , 
 , 
光大银行2011-2021,2016
word,count
电子银行,13
众筹,2
网银,2
人工智能,1
互联网保险,1
 , 
 , 
光大银行2011-2021,2017
word,count
电子银行,8
网上银行,1
电子商务,1
网银,1
人工智能,1
 , 
 , 
光大银行2011-2021,2015
word,count
电子银行,9
网上银行,2
网银,2
电子商务,1
网上支付,1
 , 
 , 
光大银行2011-2021,2014
word,count
电子银行,10
网上银行,4
网银,1
 , 
 , 
光大银行2011-2021,2011
word,count
电子银行,13
网上银行,4
网银,2
 , 
 , 
光大银行2011-2021,2013
word,count
电子银行,12
网银,2
网上银行,1
 , 
 , 
光大银行2011-2021,2012
word,count
电子银行,14
网上银行,1
第三方支付,1
 , 
 , 
光大银行2011-2021,2020
word,count
人工智能,4
网贷,2
电子商务,1
电子银行,1
 , 
 , 
光大银行2011-2021,2021
word,count
网上银行,3
人工智能,2
网贷,2
网银,1
电子银行,1
 , 
 , 
光大银行2011-2021,2019
word,count
人工智能,6
电子银行,4
电子交易,1
网贷,1
 , 
 , 
光大银行2011-2021,2018
word,count
电子银行,3
网银,2
人工智能,1
网上银行,1
 , 
 , 
浦发银行,2016
word,count
电子银行,3
网银,3
网上银行,2
电子商务,1
互联网支付,1
人工智能,1
智能投顾,1
 , 
 , 
浦发银行,2017
word,count
电子银行,2
人工智能,1
二维码支付,1
电子商务,1
智能投顾,1
互联网支付,1
网银,1
 , 
 , 
浦发银行,2015
word,count
电子银行,6
网银,4
电子商务,1
电子交易,1
 , 
 , 
浦发银行,2014
word,count
电子银行,7
网银,2
第三方支付,1
网上银行,1
互联网理财,1
 , 
 , 
浦发银行,2011
word,count
网银,5
电子银行,5
网上银行,1
电子交易,1
 , 
 , 
浦发银行,2013
word,count
电子银行,9
网银,1
电子商务,1
网上银行,1
 , 
 , 
浦发银行,2012
word,count
电子银行,5
网上银行,1
网银,1
第三方支付,1
 , 
 , 
浦发银行,浦发2021
word,count
电子银行,2
人工智能,1
网银,1
互联网支付,1
 , 
 , 
浦发银行,2020
word,count
网银,2
电子银行,2
人工智能,2
电子商务,1
在线交易,1
互联网支付,1
 , 
 , 
浦发银行,2019
word,count
电子银行,2
网银,1
 , 
 , 
浦发银行,2018
word,count
电子银行,2
人工智能,1
网银,1
互联网支付,1
 , 
 , 
民生银行,2016
word,count
网上银行,9
网银,3
电子银行,1
二维码支付,1
 , 
 , 
民生银行,2017
word,count
网银,6
人工智能,2
网上银行,2
网上支付,2
电子银行,1
电子商务,1
Fintech,1
互联网支付,1
 , 
 , 
民生银行,2015
word,count
电子银行,14
电子商务,7
网银,4
网上银行,3
在线交易,1
 , 
 , 
民生银行,2014
word,count
网上银行,9
电子商务,2
网银,2
网上支付,2
众筹,1
电子银行,1
 , 
 , 
民生银行,2011
word,count
电子银行,18
网银,9
电子商务,5
网上银行,4
网上支付,1
第三方支付,1
 , 
 , 
民生银行,2013
word,count
电子银行,7
网上银行,7
网银,3
第三方支付,1
在线交易,1
 , 
 , 
民生银行,2012
word,count
电子银行,7
网上银行,7
网银,2
第三方支付,1
电子交易,1
 , 
 , 
民生银行,民生2021
word,count
人工智能,5
网上银行,3
第三方支付,1
 , 
 , 
民生银行,2020
word,count
人工智能,7
网上银行,4
电子银行,1
二维码支付,1
网银,1
 , 
 , 
民生银行,2019
word,count
网上银行,7
人工智能,6
网银,3
互联网银行,1
智能投顾,1
网贷,1
 , 
 , 
民生银行,2018
word,count
网银,5
人工智能,3
网上银行,2
电子银行,1
互联网银行,1
 , 
 , 
华夏银行,2016
word,count
电子银行,9
网上银行,3
互联网支付,1
网上支付,1
人工智能,1
 , 
 , 
华夏银行,2017
word,count
电子银行,5
互联网银行,2
二维码支付,1
人工智能,1
网银,1
 , 
 , 
华夏银行,2015
word,count
电子银行,10
网银,4
网上银行,2
电子商务,1
网贷,1
互联网支付,1
互联网理财,1
第三方支付,1
 , 
 , 
华夏银行,2014
word,count
电子银行,13
网上银行,4
网银,2
网上支付,1
第三方支付,1
电子商务,1
网贷,1
 , 
 , 
华夏银行,2011
word,count
电子银行,5
网上银行,1
网银,1
电子交易,1
 , 
 , 
华夏银行,2013
word,count
电子银行,12
网银,7
网上银行,4
第三方支付,1
 , 
 , 
华夏银行,2012
word,count
电子银行,12
网银,9
网上银行,5
电子商务,2
电子交易,1
第三方支付,1
 , 
 , 
华夏银行,华夏2021
word,count
电子银行,1
网银,1
 , 
 , 
华夏银行,2020
word,count
人工智能,5
网贷,4
网银,2
电子银行,1
 , 
 , 
华夏银行,2019
word,count
人工智能,9
网贷,6
智能投顾,4
Fintech,1
网银,1
电子交易,1
网上银行,1
 , 
 , 
华夏银行,2018
word,count
人工智能,6
电子银行,1
电子交易,1
互联网银行,1
网贷,1
 , 
 , 
哈尔滨银行2013-2021,2016
word,count
网上银行,8
网银,3
电子银行,1
电子商务,1
 , 
 , 
哈尔滨银行2013-2021,2017
word,count
网上银行,10
电子银行,2
网贷,2
电子商务,2
网银,2
 , 
 , 
哈尔滨银行2013-2021,2015
word,count
网上银行,11
网银,6
电子银行,5
电子商务,3
第三方支付,2
互联网支付,1
 , 
 , 
哈尔滨银行2013-2021,2014
word,count
电子商务,4
电子银行,2
网银,2
网上银行,1
 , 
 , 
哈尔滨银行2013-2021,2013
word,count
网上银行,6
电子银行,4
电子商务,1
网银,1
 , 
 , 
哈尔滨银行2013-2021,2020
word,count
网上银行,6
人工智能,2
电子商务,1
电子银行,1
网银,1
 , 
 , 
哈尔滨银行2013-2021,2021
word,count
网上银行,6
人工智能,3
电子银行,2
 , 
 , 
哈尔滨银行2013-2021,2019
word,count
网上银行,14
人工智能,8
电子银行,2
网银,2
 , 
 , 
哈尔滨银行2013-2021,2018
word,count
网上银行,12
第三方支付,2
人工智能,2
电子商务,2
 , 
 , 
招商银行,2016
word,count
人工智能,7
Fintech,6
网上银行,6
电子银行,3
智能投顾,2
网银,1
网上支付,1
 , 
 , 
招商银行,2017
word,count
人工智能,13
电子银行,5
网银,3
Fintech,1
智能投顾,1
第三方支付,1
网上银行,1
 , 
 , 
招商银行,2015
word,count
网上银行,8
电子银行,5
互联网支付,2
众筹,1
网银,1
网上支付,1
 , 
 , 
招商银行,2014
word,count
电子银行,8
网上银行,4
网银,2
网上支付,1
 , 
 , 
招商银行,2011
word,count
网上银行,13
电子银行,8
网上支付,3
网银,2
 , 
 , 
招商银行,2013
word,count
网上银行,12
电子银行,7
电子商务,1
 , 
 , 
招商银行,2012
word,count
网上银行,10
电子银行,9
网银,2
电子商务,1
网上支付,1
 , 
 , 
招商银行,招商2021
word,count
人工智能,3
网上银行,2
电子银行,2
Fintech,1
网银,1
 , 
 , 
招商银行,2020
word,count
人工智能,5
网上银行,4
电子银行,3
 , 
 , 
招商银行,2019
word,count
网上银行,2
电子银行,2
人工智能,2
电子交易,1
网银,1
 , 
 , 
招商银行,2018
word,count
电子银行,4
人工智能,3
网银,3
Fintech,1
智能投顾,1
第三方支付,1
网上银行,1
 , 
 , 
北京银行2011-2021,2016
word,count
电子商务,3
人工智能,1
互联网理财,1
网贷,1
电子银行,1
 , 
 , 
北京银行2011-2021,2017
word,count
电子银行,1
人工智能,1
互联网支付,1
 , 
 , 
北京银行2011-2021,2011
word,count
网银,6
网上银行,2
电子银行,1
 , 
 , 
北京银行2011-2021,2013
word,count
网银,11
网上银行,4
电子银行,3
第三方支付,1
 , 
 , 
北京银行2011-2021,www.alltoall.net_2014_Pgsj1T_ykM
word,count
电子银行,10
网上银行,4
网银,1
 , 
 , 
北京银行2011-2021,www.alltoall.net_2012_KvUDP5SYc8
word,count
电子银行,14
网上银行,1
第三方支付,1
 , 
 , 
北京银行2011-2021,www.alltoall.net_2019_XZMJtqfOyW
word,count
电子银行,6
人工智能,2
网银,1
 , 
 , 
北京银行2011-2021,www.alltoall.net_2018_uXW_YE0ZM6
word,count
人工智能,6
电子银行,3
网贷,3
网银,2
 , 
 , 
北京银行2011-2021,www.alltoall.net_2015_sUiZeRb7CS
word,count
电子银行,9
网上银行,2
网银,2
电子商务,1
网上支付,1
 , 
 , 
北京银行2011-2021,2021
word,count
网银,6
电子银行,5
人工智能,3
智能投顾,1
 , 
 , 
兴业银行2011-2021,2016
word,count
人工智能,5
网银,4
智能投顾,1
 , 
 , 
兴业银行2011-2021,2017
word,count
互联网支付,5
网银,4
人工智能,3
互联网银行,1
智能投顾,1
二维码支付,1
第三方支付,1
 , 
 , 
兴业银行2011-2021,2015
word,count
电子银行,4
网银,3
网上银行,2
 , 
 , 
兴业银行2011-2021,2014
word,count
电子银行,7
网银,6
互联网理财,1
互联网支付,1
网上银行,1
 , 
 , 
兴业银行2011-2021,2011
word,count
电子银行,9
网银,6
网上银行,1
 , 
 , 
兴业银行2011-2021,2013
word,count
电子银行,9
网银,6
在线理财,1
网上银行,1
互联网银行,1
 , 
 , 
兴业银行2011-2021,2012
word,count
网银,9
电子银行,9
 , 
 , 
兴业银行2011-2021,2020
word,count
人工智能,3
网银,3
互联网支付,1
 , 
 , 
兴业银行2011-2021,2021
word,count
人工智能,3
互联网支付,1
网银,1
 , 
 , 
兴业银行2011-2021,2019
word,count
人工智能,5
网银,5
互联网支付,1
 , 
 , 
兴业银行2011-2021,2018
word,count
网银,5
人工智能,3
网上银行,2
互联网支付,1
网上支付,1
 , 
 , 
交通银行,2016
word,count
电子银行,13
网银,5
网上银行,3
二维码支付,2
第三方支付,1
 , 
 , 
交通银行,2017
word,count
电子银行,8
人工智能,6
网银,5
网上银行,3
电子商务,3
 , 
 , 
交通银行,2015
word,count
电子银行,12
网上银行,9
网银,3
在线交易,1
二维码支付,1
 , 
 , 
交通银行,2014
word,count
电子银行,19
网上银行,6
网银,2
电子商务,1
 , 
 , 
交通银行,交通2021
word,count
人工智能,4
网银,3
电子银行,2
电子交易,1
 , 
 , 
交通银行,2011
word,count
电子银行,6
网银,5
网上银行,1
电子商务,1
 , 
 , 
交通银行,2013
word,count
电子银行,18
网上银行,5
电子商务,1
网银,1
 , 
 , 
交通银行,2012
word,count
电子银行,13
电子商务,6
网上银行,6
网银,2
互联网银行,1
 , 
 , 
交通银行,2020
word,count
电子银行,3
网银,1
人工智能,1
网上银行,1
 , 
 , 
交通银行,2019
word,count
人工智能,9
网银,6
电子银行,5
网上银行,2
智能投顾,1
在线交易,1
 , 
 , 
交通银行,2018
word,count
网银,6
人工智能,5
电子银行,4
电子商务,3
网上银行,1
 , 
 , 
中国农业银行,2016
word,count
电子银行,7
网上银行,6
电子商务,6
第三方支付,1
 , 
 , 
中国农业银行,2017
word,count
网上银行,8
电子银行,7
人工智能,3
网银,2
Fintech,1
电子商务,1
智能投顾,1
二维码支付,1
 , 
 , 
中国农业银行,2015
word,count
电子银行,14
电子商务,7
网银,4
网上银行,3
在线交易,1
 , 
 , 
中国农业银行,2021年度报告
word,count
网银,5
电子银行,4
网上银行,3
电子商务,1
人工智能,1
 , 
 , 
中国农业银行,2014
word,count
电子商务,18
电子银行,15
网上银行,4
第三方支付,4
网银,2
 , 
 , 
中国农业银行,2011
word,count
电子银行,18
网银,9
电子商务,5
网上银行,4
网上支付,1
第三方支付,1
 , 
 , 
中国农业银行,2013
word,count
电子银行,13
网银,10
网上银行,4
电子商务,3
 , 
 , 
中国农业银行,2012
word,count
电子银行,17
网银,9
电子商务,7
网上银行,3
第三方支付,3
 , 
 , 
中国农业银行,2020
word,count
电子银行,6
网银,6
人工智能,5
网上银行,4
 , 
 , 
中国农业银行,2019
word,count
电子银行,6
网银,4
网上银行,4
人工智能,2
电子商务,1
智能投顾,1
 , 
 , 
中国农业银行,2018
word,count
电子银行,7
网上银行,4
人工智能,3
网银,2
电子商务,1
智能投顾,1
 , 
 , 
中信银行2011-2021,www.alltoall.net_2012_k6WT12Scbr
word,count
网银,10
电子商务,9
网上银行,3
第三方支付,1
在线理财,1
电子银行,1
 , 
 , 
中信银行2011-2021,www.alltoall.net_2013_wygit4kbIC
word,count
电子银行,9
电子商务,5
网上银行,4
网银,4
二维码支付,3
第三方支付,2
 , 
 , 
中信银行2011-2021,www.alltoall.net_2017_6EHUB39szN
word,count
智能投顾,4
网银,4
互联网支付,4
电子银行,3
人工智能,3
电子交易,1
电子商务,1
二维码支付,1
网上银行,1
 , 
 , 
中信银行2011-2021,www.alltoall.net_2015_Ggp70Um12M
word,count
电子银行,8
电子商务,5
网银,4
网上银行,4
在线理财,1
 , 
 , 
中信银行2011-2021,www.alltoall.net_2011_8iwkeU9KFG
word,count
网银,18
电子银行,13
网上银行,3
电子商务,2
网上支付,2
第三方支付,1
 , 
 , 
中信银行2011-2021,www.alltoall.net_2016_KS3D8p9rR1
word,count
网银,4
电子银行,3
互联网支付,3
电子商务,1
人工智能,1
网贷,1
智能投顾,1
 , 
 , 
中信银行2011-2021,www.alltoall.net_2021_crdMvFwY25
word,count
人工智能,4
网银,4
电子银行,1
网贷,1
互联网银行,1
电子商务,1
 , 
 , 
中信银行2011-2021,www.alltoall.net_2020_XvJlCjIH4i
word,count
人工智能,5
电子银行,4
网银,2
网上银行,1
互联网银行,1
 , 
 , 
中信银行2011-2021,www.alltoall.net_2019_l1_C6bPgNW
word,count
人工智能,6
电子银行,3
电子商务,3
网银,3
智能投顾,2
网上银行,1
互联网银行,1
 , 
 , 
中信银行2011-2021,www.alltoall.net_2018_8OZCogYbLV
word,count
人工智能,11
 , 
 , 
中信银行2011-2021,www.alltoall.net_2014_AztgRUmsr3
word,count
电子银行,7
电子商务,6
网上银行,3
网银,2
第三方支付,2
互联网银行,1
网贷,1
 , 
 , 
江苏江阴,江阴（2016）
word,count
互联网支付,1
第三方支付,1
 , 
 , 
江苏江阴,江阴（2020）
word,count
电子银行,3
网银,1
网上银行,1
 , 
 , 
江苏江阴,江阴（2021）
word,count
电子银行,3
网上银行,1
 , 
 , 
江苏江阴,江阴（2017）
word,count
网上银行,1
 , 
 , 
江苏江阴,江阴（2014）
word,count
电子银行,1
 , 
 , 
江苏江阴,江阴（2018）
word,count
网上银行,2
网银,1
电子银行,1
智能投顾,1
 , 
 , 
江苏江阴,江阴（2019）
word,count
电子银行,2
网上银行,2
网银,1
 , 
 , 
江苏江阴,江阴（2015）
word,count
电子银行,1
网银,1
 , 
 , 
江苏江阴,江阴（2012）
word,count
电子银行,1
 , 
 , 
工商银行,2016
word,count
电子银行,23
网上银行,5
网银,3
人工智能,2
电子商务,1
二维码支付,1
互联网支付,1
 , 
 , 
工商银行,2017
word,count
电子银行,13
网银,8
人工智能,3
智能投顾,2
网上银行,2
电子商务,1
二维码支付,1
 , 
 , 
工商银行,2015
word,count
电子银行,19
网银,9
网上银行,5
电子商务,2
互联网支付,1
 , 
 , 
工商银行,2014
word,count
电子银行,29
网上银行,16
网银,9
电子商务,5
电子交易,1
互联网支付,1
 , 
 , 
工商银行,2011
word,count
电子银行,30
网上银行,19
网银,6
电子交易,1
 , 
 , 
工商银行,2013
word,count
电子银行,27
网上银行,14
网银,7
电子商务,2
 , 
 , 
工商银行,2012
word,count
网上银行,27
电子银行,26
网银,9
电子商务,2
电子交易,1
 , 
 , 
工商银行,2020
word,count
人工智能,7
电子银行,7
第三方支付,1
网上银行,1
电子交易,1
互联网银行,1
 , 
 , 
工商银行,2021
word,count
网上银行,6
人工智能,5
第三方支付,1
二维码支付,1
网银,1
电子银行,1
 , 
 , 
工商银行,2019
word,count
电子银行,6
人工智能,5
网上银行,4
第三方支付,2
电子交易,2
智能投顾,1
电子商务,1
在线交易,1
 , 
 , 
工商银行,2018
word,count
电子银行,11
第三方支付,3
网银,2
网上银行,1
人工智能,1
在线交易,1
电子商务,1
 , 
 , 
平安银行,2016
word,count
二维码支付,1
电子商务,1
 , 
 , 
平安银行,2017
word,count
人工智能,3
网上银行,1
电子商务,1
 , 
 , 
平安银行,2015
word,count
网银,2
网上银行,1
 , 
 , 
平安银行,2014
word,count
电子商务,3
网银,2
网上银行,1
 , 
 , 
平安银行,2011
word,count
网上银行,1
 , 
 , 
平安银行,2013
word,count
网银,9
电子银行,3
网上银行,1
电子商务,1
 , 
 , 
平安银行,2012
word,count
电子商务,2
网银,1
 , 
 , 
平安银行,2020
word,count
人工智能,9
电子商务,2
智能投顾,1
互联网支付,1
网银,1
 , 
 , 
平安银行,2019
word,count
人工智能,14
电子商务,3
互联网支付,3
网上银行,2
智能投顾,2
Fintech,1
 , 
 , 
平安银行,2018
word,count
人工智能,18
互联网支付,4
电子商务,2
 , 
 , 
平安银行,平安银行2021
word,count
人工智能,9
互联网支付,1
网银,1
电子商务,1
 , 
 , 
江苏紫金,江苏（2013）
word,count
网上银行,1
 , 
 , 
江苏紫金,江苏（2012）
word,count
电子商务,1
网上银行,1
电子银行,1
 , 
 , 
江苏紫金,江苏（2015）
word,count
电子银行,1
第三方支付,1
 , 
 , 
江苏紫金,江苏（2019）
word,count
电子银行,1
 , 
 , 
江苏紫金,江苏（2018）
word,count
电子银行,2
电子商务,1
 , 
 , 
江苏紫金,江苏（2014）
word,count
电子银行,3
 , 
 , 
江苏紫金,江苏（2017）
word,count
电子银行,1
网上银行,1
 , 
 , 
江苏紫金,江苏（2020）
word,count
电子银行,1
人工智能,1
 , 
 , 
江苏紫金,江苏（2016）
word,count
网上银行,3
电子银行,2
 , 
 , 
江苏紫金,江苏（2011）
word,count
电子银行,1
 , 
 , 
江苏紫金,江苏（2021)
word,count
网贷,1
 , 
 , 
广州农商,广州（2016）
word,count
众筹,5
电子银行,3
电子商务,1
网上银行,1
 , 
 , 
广州农商,广州（2020）
word,count
网银,4
网上银行,3
电子银行,3
人工智能,1
 , 
 , 
广州农商,广州（2021）
word,count
网上银行,4
电子银行,3
电子商务,1
 , 
 , 
广州农商,广州（2017）
word,count
网上银行,4
电子银行,3
电子商务,2
网贷,1
第三方支付,1
众筹,1
 , 
 , 
广州农商,广州农村商业银行（2011）
word,count
网上银行,1
网银,1
 , 
 , 
广州农商,广州农商行（2012）
word,count
 , 
 , 
广州农商,广州（2014）
word,count
电子银行,2
网上银行,2
电子商务,1
 , 
 , 
广州农商,广州农商（2013）
word,count
 , 
 , 
广州农商,广州（2018）
word,count
网银,7
网上银行,5
电子银行,4
电子商务,3
二维码支付,2
 , 
 , 
广州农商,广州（2019）
word,count
网上银行,7
电子银行,3
人工智能,1
电子商务,1
 , 
 , 
广州农商,广州（2015）
word,count
电子银行,3
网上银行,2
电子商务,1
 , 
 , 
江苏瑞丰,瑞丰2017
word,count
 , 
 , 
江苏瑞丰,瑞丰2016
word,count
 , 
 , 
江苏瑞丰,瑞丰2015
word,count
电子银行,17
 , 
 , 
江苏瑞丰,瑞丰2021
word,count
人工智能,2
 , 
 , 
江苏瑞丰,瑞丰2020
word,count
 , 
 , 
江苏瑞丰,瑞丰2018
word,count
 , 
 , 
江苏瑞丰,瑞丰2019
word,count
 , 
 , 
江苏瑞丰,瑞丰银行（2013）
word,count
电子银行,2
网银,2
 , 
 , 
建设银行,2016
word,count
电子银行,9
网银,6
网上银行,5
网上支付,1
二维码支付,1
 , 
 , 
建设银行,2017
word,count
网上银行,10
电子银行,4
人工智能,3
网银,3
智能投顾,1
 , 
 , 
建设银行,2015
word,count
电子银行,11
网银,7
网上银行,5
二维码支付,1
互联网支付,1
电子商务,1
 , 
 , 
建设银行,2014
word,count
电子银行,15
网银,9
网上银行,6
电子商务,3
 , 
 , 
建设银行,2011
word,count
电子银行,13
网上银行,4
网银,4
第三方支付,1
 , 
 , 
建设银行,2013
word,count
电子银行,18
网上银行,8
网银,6
电子商务,5
 , 
 , 
建设银行,2012
word,count
电子银行,17
电子商务,9
网上银行,7
网银,6
网上支付,1
在线交易,1
第三方支付,1
 , 
 , 
建设银行,2020
word,count
网银,7
人工智能,6
电子银行,4
网上银行,2
电子商务,1
智能投顾,1
 , 
 , 
建设银行,2021
word,count
人工智能,9
网银,6
电子银行,5
电子商务,2
网上银行,2
第三方支付,1
 , 
 , 
建设银行,2019
word,count
电子银行,5
人工智能,4
网银,4
网上银行,3
电子商务,1
 , 
 , 
建设银行,2018
word,count
网银,10
人工智能,6
电子银行,4
网上银行,3
智能投顾,2
第三方支付,1
 , 
 , 
徽商银行2013-2021,2016
word,count
网上银行,10
电子银行,4
第三方支付,2
网上支付,1
电子商务,1
 , 
 , 
徽商银行2013-2021,2017
word,count
电子银行,9
网上银行,9
网贷,2
人工智能,2
二维码支付,1
网上支付,1
第三方支付,1
 , 
 , 
徽商银行2013-2021,2015
word,count
网上银行,10
电子银行,5
网贷,1
互联网支付,1
网银,1
网上支付,1
第三方支付,1
 , 
 , 
徽商银行2013-2021,2014
word,count
网上银行,8
电子银行,3
人工智能,2
网贷,2
网上支付,1
网银,1
第三方支付,1
 , 
 , 
徽商银行2013-2021,2013
word,count
网上银行,7
电子银行,3
网银,2
网上支付,1
 , 
 , 
徽商银行2013-2021,2020
word,count
网上银行,6
电子银行,4
人工智能,4
网银,1
网上支付,1
互联网银行,1
第三方支付,1
 , 
 , 
徽商银行2013-2021,2021
word,count
网上银行,8
电子银行,3
人工智能,2
网贷,2
网上支付,1
网银,1
第三方支付,1
 , 
 , 
徽商银行2013-2021,2019
word,count
网上银行,8
电子银行,3
人工智能,2
网贷,2
网上支付,1
网银,1
第三方支付,1
 , 
 , 
徽商银行2013-2021,2018
word,count
网上银行,8
电子银行,4
网上支付,1
人工智能,1
电子商务,1
第三方支付,1
 , 
 , 
重庆农商,重庆农村商业银行股份有限公司2013年年度报告
word,count
网上银行,1
电子银行,1
 , 
 , 
重庆农商,重庆农村商业银行股份有限公司2012年年度报告
word,count
网上银行,2
 , 
 , 
重庆农商,重庆农商行（2017）
word,count
网上银行,5
网银,5
网上支付,4
电子银行,2
人工智能,1
第三方支付,1
电子交易,1
 , 
 , 
重庆农商,重庆农村商业银行股份有限公司（2019）
word,count
人工智能,7
 , 
 , 
重庆农商,重庆农村商业银行股份有限公司（2020）
word,count
人工智能,4
 , 
 , 
重庆农商,重庆农商行（2015）
word,count
网银,6
网上银行,5
电子银行,4
网上支付,3
二维码支付,1
电子商务,1
 , 
 , 
重庆农商,2018年度报告
word,count
网银,7
网上银行,6
网上支付,2
电子银行,2
二维码支付,1
人工智能,1
 , 
 , 
重庆农商,重庆农村商业银行股份有限公司（2021）
word,count
电子银行,5
人工智能,3
网银,3
网上银行,1
 , 
 , 
南京银行2011-2021,2016
word,count
电子银行,1
人工智能,1
网银,1
 , 
 , 
南京银行2011-2021,2017
word,count
人工智能,2
电子银行,2
网银,1
 , 
 , 
南京银行2011-2021,2015
word,count
网银,1
电子银行,1
 , 
 , 
南京银行2011-2021,2011
word,count
电子银行,3
网上支付,2
网银,2
 , 
 , 
南京银行2011-2021,2013
word,count
电子银行,4
网上银行,4
第三方支付,1
网银,1
 , 
 , 
南京银行2011-2021,2012
word,count
网上银行,3
电子银行,2
 , 
 , 
南京银行2011-2021,2020
word,count
人工智能,7
网银,4
互联网理财,1
电子银行,1
 , 
 , 
南京银行2011-2021,2021
word,count
网银,2
网贷,1
人工智能,1
电子银行,1
Fintech,1
 , 
 , 
南京银行2011-2021,2019
word,count
人工智能,6
网银,4
电子银行,4
Fintech,1
 , 
 , 
南京银行2011-2021,2018
word,count
电子银行,5
网银,2
Fintech,1
网上银行,1
人工智能,1
